{
  "results": [
    {
      "command": "tfdry fmt -check",
      "mean": 0.007181930533333335,
      "stddev": 0.001564326721243508,
      "median": 0.0067976875,
      "user": 0.007219066666666665,
      "system": 0.0015938,
      "min": 0.005455584,
      "max": 0.011401708,
      "times": [
        0.005707584000000001,
        0.007110334,
        0.0071845830000000005,
        0.00940675,
        0.00912575,
        0.007566667000000001,
        0.005946000000000001,
        0.010889834000000001,
        0.008177083,
        0.006212167,
        0.005876333,
        0.006804417,
        0.005832875,
        0.008483625,
        0.006635291000000001,
        0.0060975000000000005,
        0.0056205000000000005,
        0.008107916,
        0.005455584,
        0.005986791,
        0.005920750000000001,
        0.006790958000000001,
        0.008483083,
        0.011401708,
        0.005920583,
        0.006966125,
        0.006508000000000001,
        0.0069782080000000005,
        0.008676834000000001,
        0.005584083
      ],
      "exit_codes": [
        0,
        0,
        0,
        0,
        0,
        0,
        0,
        0,
        0,
        0,
        0,
        0,
        0,
        0,
        0,
        0,
        0,
        0,
        0,
        0,
        0,
        0,
        0,
        0,
        0,
        0,
        0,
        0,
        0,
        0
      ]
    },
    {
      "command": "terraform fmt -check",
      "mean": 0.021917351366666674,
      "stddev": 0.0039499014733927265,
      "median": 0.021038188,
      "user": 0.022067633333333336,
      "system": 0.003346433333333334,
      "min": 0.019079916000000002,
      "max": 0.03966025,
      "times": [
        0.029248334,
        0.021255042000000002,
        0.022038417,
        0.023005292,
        0.021267291,
        0.020524917,
        0.021306791000000002,
        0.01977825,
        0.020258041,
        0.019079916000000002,
        0.021026834,
        0.020400958,
        0.019760834,
        0.024639209000000002,
        0.020646875000000002,
        0.019649375,
        0.020157375,
        0.025355750000000003,
        0.021319958,
        0.021317875,
        0.021899875000000003,
        0.03966025,
        0.019617791000000002,
        0.022591875,
        0.021049542,
        0.019621708,
        0.021453542000000003,
        0.019478333,
        0.020986083000000003,
        0.019124208
      ],
      "exit_codes": [
        0,
        0,
        0,
        0,
        0,
        0,
        0,
        0,
        0,
        0,
        0,
        0,
        0,
        0,
        0,
        0,
        0,
        0,
        0,
        0,
        0,
        0,
        0,
        0,
        0,
        0,
        0,
        0,
        0,
        0
      ]
    }
  ]
}
