{
  "results": [
    {
      "command": "tfdry fmt -check",
      "mean": 0.0014204875000000002,
      "stddev": 0.0012179380840374198,
      "median": 0.001114,
      "user": 0.0006337,
      "system": 0.0007604333333333333,
      "min": 0.0008763330000000001,
      "max": 0.007437875,
      "times": [
        0.001056167,
        0.0012049580000000001,
        0.001123042,
        0.001038834,
        0.0010623750000000002,
        0.001275333,
        0.0012739580000000002,
        0.0014658330000000002,
        0.001139709,
        0.0013070830000000001,
        0.001082875,
        0.00115375,
        0.001058125,
        0.0010614580000000001,
        0.0012640420000000002,
        0.0011623340000000001,
        0.001059625,
        0.001104958,
        0.0010742500000000001,
        0.000889625,
        0.0008763330000000001,
        0.000956125,
        0.001226083,
        0.001274458,
        0.001073125,
        0.001586125,
        0.0009846660000000001,
        0.000960709,
        0.003380792,
        0.007437875
      ],
      "exit_codes": [
        0,
        0,
        0,
        0,
        0,
        0,
        0,
        0,
        0,
        0,
        0,
        0,
        0,
        0,
        0,
        0,
        0,
        0,
        0,
        0,
        0,
        0,
        0,
        0,
        0,
        0,
        0,
        0,
        0,
        0
      ]
    },
    {
      "command": "terraform fmt -check",
      "mean": 0.01113321396666667,
      "stddev": 0.0016033611092158547,
      "median": 0.010726187500000001,
      "user": 0.0101755,
      "system": 0.0021141666666666665,
      "min": 0.008759459,
      "max": 0.015901500000000002,
      "times": [
        0.010910416000000001,
        0.010862209000000001,
        0.010502416,
        0.010802917,
        0.014490708000000001,
        0.012386333000000001,
        0.010564334,
        0.012236625000000001,
        0.010649458,
        0.011515125000000001,
        0.013444125000000001,
        0.010518042,
        0.009491042,
        0.008964292,
        0.010574625,
        0.010829334000000001,
        0.009950208,
        0.008759459,
        0.010216709000000001,
        0.013827500000000001,
        0.015901500000000002,
        0.010074833,
        0.009149083,
        0.011260250000000001,
        0.010640334000000001,
        0.010202584,
        0.0116585,
        0.011926750000000002,
        0.010339208,
        0.0113475
      ],
      "exit_codes": [
        0,
        0,
        0,
        0,
        0,
        0,
        0,
        0,
        0,
        0,
        0,
        0,
        0,
        0,
        0,
        0,
        0,
        0,
        0,
        0,
        0,
        0,
        0,
        0,
        0,
        0,
        0,
        0,
        0,
        0
      ]
    }
  ]
}
