{
  "results": [
    {
      "command": "tfdry fmt",
      "mean": 0.011447425049999998,
      "stddev": 0.0015011797834130144,
      "median": 0.010935896,
      "user": 0.008099249999999999,
      "system": 0.0055361,
      "min": 0.009945792,
      "max": 0.016700542000000002,
      "times": [
        0.012532958,
        0.010462833000000001,
        0.010667250000000001,
        0.010644500000000001,
        0.012323500000000001,
        0.011803501000000001,
        0.010588084000000001,
        0.009945792,
        0.016700542000000002,
        0.012859417000000001,
        0.011020042,
        0.010584708,
        0.010097083000000001,
        0.011256667000000001,
        0.01085175,
        0.012269500000000001,
        0.010744416000000001,
        0.011985792,
        0.010298708,
        0.011311458
      ],
      "exit_codes": [
        0,
        0,
        0,
        0,
        0,
        0,
        0,
        0,
        0,
        0,
        0,
        0,
        0,
        0,
        0,
        0,
        0,
        0,
        0,
        0
      ]
    },
    {
      "command": "terraform fmt",
      "mean": 0.02362822695,
      "stddev": 0.0021328749546303256,
      "median": 0.022692687500000003,
      "user": 0.022307550000000002,
      "system": 0.0049283999999999994,
      "min": 0.021018333,
      "max": 0.028879917,
      "times": [
        0.025352791000000003,
        0.022558958,
        0.022031042,
        0.022599166,
        0.021018333,
        0.023193833,
        0.02600925,
        0.028879917,
        0.02557825,
        0.023273750000000003,
        0.024730542,
        0.022416416,
        0.022609125,
        0.021759916,
        0.028078334000000003,
        0.02277625,
        0.022116667000000003,
        0.022125708,
        0.023286625000000002,
        0.022169666
      ],
      "exit_codes": [
        0,
        0,
        0,
        0,
        0,
        0,
        0,
        0,
        0,
        0,
        0,
        0,
        0,
        0,
        0,
        0,
        0,
        0,
        0,
        0
      ]
    }
  ]
}
