{
  "results": [
    {
      "command": "tfdry fmt",
      "mean": 0.001080473666666667,
      "stddev": 0.0001584861934494357,
      "median": 0.00100225,
      "user": 0.0005860666666666666,
      "system": 0.0005095666666666666,
      "min": 0.0009212500000000001,
      "max": 0.00146225,
      "times": [
        0.0012443340000000002,
        0.001423833,
        0.001163584,
        0.0012485,
        0.001214542,
        0.0013440000000000001,
        0.0009621670000000001,
        0.001130584,
        0.001167875,
        0.0013815420000000001,
        0.00146225,
        0.0009709580000000001,
        0.000966541,
        0.000955209,
        0.0009565830000000001,
        0.001002958,
        0.0009212500000000001,
        0.0009838750000000002,
        0.000998875,
        0.0010098330000000001,
        0.0009570420000000001,
        0.000980208,
        0.0009589170000000001,
        0.0010677500000000001,
        0.001021,
        0.000980708,
        0.001010875,
        0.00096725,
        0.0009596250000000001,
        0.001001542
      ],
      "exit_codes": [
        0,
        0,
        0,
        0,
        0,
        0,
        0,
        0,
        0,
        0,
        0,
        0,
        0,
        0,
        0,
        0,
        0,
        0,
        0,
        0,
        0,
        0,
        0,
        0,
        0,
        0,
        0,
        0,
        0,
        0
      ]
    },
    {
      "command": "terraform fmt",
      "mean": 0.010509841666666664,
      "stddev": 0.0007701372471411132,
      "median": 0.010557083500000002,
      "user": 0.009744133333333333,
      "system": 0.0021384,
      "min": 0.009243333000000001,
      "max": 0.012144667000000001,
      "times": [
        0.010751042,
        0.010712333000000001,
        0.011425250000000001,
        0.010125458,
        0.00982525,
        0.010750667,
        0.010314917,
        0.009243333000000001,
        0.009977041,
        0.010502292,
        0.009622209000000001,
        0.009399666000000001,
        0.010355291,
        0.010611875000000002,
        0.009604209,
        0.0094535,
        0.010785792,
        0.010457125000000001,
        0.009859667,
        0.011888834000000001,
        0.011112666,
        0.009720292,
        0.009961417,
        0.010844458000000001,
        0.011502541000000002,
        0.011347042,
        0.011725375000000001,
        0.012144667000000001,
        0.010658583000000001,
        0.010612458
      ],
      "exit_codes": [
        0,
        0,
        0,
        0,
        0,
        0,
        0,
        0,
        0,
        0,
        0,
        0,
        0,
        0,
        0,
        0,
        0,
        0,
        0,
        0,
        0,
        0,
        0,
        0,
        0,
        0,
        0,
        0,
        0,
        0
      ]
    }
  ]
}
