{
  "results": [
    {
      "command": "tfdry (human)",
      "mean": 0.0070275569,
      "stddev": 0.0008954220212909183,
      "median": 0.006982750000000001,
      "user": 0.007545999999999998,
      "system": 0.0016204333333333328,
      "min": 0.005662458,
      "max": 0.010304083,
      "times": [
        0.005662458,
        0.006347292,
        0.006645666000000001,
        0.0073603340000000005,
        0.010304083,
        0.006340083000000001,
        0.006827541,
        0.0074466670000000006,
        0.007437417000000001,
        0.0066005000000000005,
        0.007040375000000001,
        0.0060580830000000006,
        0.0062674160000000005,
        0.007085166,
        0.006188458,
        0.006993208000000001,
        0.008264084,
        0.008137084000000001,
        0.006769708,
        0.006972292000000001,
        0.0060871250000000005,
        0.007303083,
        0.007301833000000001,
        0.007331917,
        0.007120125000000001,
        0.007241750000000001,
        0.008130208,
        0.006935042000000001,
        0.006768125000000001,
        0.005859584
      ],
      "exit_codes": [
        0,
        0,
        0,
        0,
        0,
        0,
        0,
        0,
        0,
        0,
        0,
        0,
        0,
        0,
        0,
        0,
        0,
        0,
        0,
        0,
        0,
        0,
        0,
        0,
        0,
        0,
        0,
        0,
        0,
        0
      ]
    },
    {
      "command": "tfdry --json",
      "mean": 0.006987361066666666,
      "stddev": 0.0010554508085798492,
      "median": 0.006843333,
      "user": 0.0072944333333333335,
      "system": 0.0015390666666666665,
      "min": 0.00540175,
      "max": 0.010283417000000001,
      "times": [
        0.006870458,
        0.006677583000000001,
        0.006009792000000001,
        0.010283417000000001,
        0.007610792000000001,
        0.008641584,
        0.006816208000000001,
        0.0065688330000000005,
        0.008175167,
        0.006634,
        0.006195375,
        0.00585325,
        0.008458750000000001,
        0.007069583000000001,
        0.0072063330000000005,
        0.007656708000000001,
        0.007336708000000001,
        0.006602416000000001,
        0.008044791,
        0.008076417,
        0.006061416,
        0.007214750000000001,
        0.00540175,
        0.005877125,
        0.00588275,
        0.00714325,
        0.006116292000000001,
        0.005960750000000001,
        0.006186042,
        0.006988542
      ],
      "exit_codes": [
        0,
        0,
        0,
        0,
        0,
        0,
        0,
        0,
        0,
        0,
        0,
        0,
        0,
        0,
        0,
        0,
        0,
        0,
        0,
        0,
        0,
        0,
        0,
        0,
        0,
        0,
        0,
        0,
        0,
        0
      ]
    }
  ]
}
