{
  "results": [
    {
      "command": "tfdry fmt -check /testdata/small",
      "mean": 0.0011032543,
      "stddev": 0.00032285822516736515,
      "median": 0.0010376255,
      "user": 0.0006758500000000001,
      "system": 0.00036965000000000007,
      "min": 0.0009046670000000001,
      "max": 0.0024182920000000003,
      "times": [
        0.0009927500000000001,
        0.000923333,
        0.000923416,
        0.001028084,
        0.0009757920000000001,
        0.0009046670000000001,
        0.001055083,
        0.0009760420000000001,
        0.0009130420000000001,
        0.001202125,
        0.0010848750000000001,
        0.001210333,
        0.0024182920000000003,
        0.001066791,
        0.000977709,
        0.0010212090000000001,
        0.001047167,
        0.0011890000000000002,
        0.001100459,
        0.001054917
      ],
      "exit_codes": [
        0,
        0,
        0,
        0,
        0,
        0,
        0,
        0,
        0,
        0,
        0,
        0,
        0,
        0,
        0,
        0,
        0,
        0,
        0,
        0
      ],
      "parameters": {
        "size": "small"
      }
    },
    {
      "command": "terraform fmt -check -recursive /testdata/small",
      "mean": 0.0111755167,
      "stddev": 0.0013868243276464061,
      "median": 0.0105871665,
      "user": 0.010810999999999998,
      "system": 0.0016126500000000002,
      "min": 0.009498042,
      "max": 0.014204583000000002,
      "times": [
        0.010626458,
        0.010259583000000001,
        0.010259292000000001,
        0.013226959000000002,
        0.012142459000000001,
        0.010547875,
        0.010492917000000001,
        0.01053425,
        0.010226500000000001,
        0.013608917000000002,
        0.0126885,
        0.014204583000000002,
        0.011757458,
        0.010123042,
        0.010873500000000001,
        0.010709542,
        0.012252166,
        0.009800125,
        0.009678166,
        0.009498042
      ],
      "exit_codes": [
        0,
        0,
        0,
        0,
        0,
        0,
        0,
        0,
        0,
        0,
        0,
        0,
        0,
        0,
        0,
        0,
        0,
        0,
        0,
        0
      ],
      "parameters": {
        "size": "small"
      }
    },
    {
      "command": "tfdry fmt -check /testdata/medium",
      "mean": 0.0018514957,
      "stddev": 0.00017114583868062567,
      "median": 0.0018263745000000001,
      "user": 0.00113925,
      "system": 0.0007841,
      "min": 0.0015131250000000001,
      "max": 0.0022885,
      "times": [
        0.001828041,
        0.00201725,
        0.0022885,
        0.0018591660000000002,
        0.0017077910000000002,
        0.0018195000000000002,
        0.0018986670000000001,
        0.0015131250000000001,
        0.0019209580000000002,
        0.0019972500000000003,
        0.0018247080000000002,
        0.001610541,
        0.001812666,
        0.0018555840000000002,
        0.0021095000000000003,
        0.001797083,
        0.0019080420000000002,
        0.001785834,
        0.0018080000000000001,
        0.0016677080000000002
      ],
      "exit_codes": [
        0,
        0,
        0,
        0,
        0,
        0,
        0,
        0,
        0,
        0,
        0,
        0,
        0,
        0,
        0,
        0,
        0,
        0,
        0,
        0
      ],
      "parameters": {
        "size": "medium"
      }
    },
    {
      "command": "terraform fmt -check -recursive /testdata/medium",
      "mean": 0.012076950000000003,
      "stddev": 0.0006838258487925433,
      "median": 0.012122396,
      "user": 0.011562699999999999,
      "system": 0.0018964999999999995,
      "min": 0.010804958,
      "max": 0.013688208,
      "times": [
        0.012686709000000001,
        0.011220583000000001,
        0.013688208,
        0.011298542,
        0.012305959,
        0.011440459,
        0.012222792000000001,
        0.011972291000000001,
        0.012948291,
        0.012373458,
        0.011899084,
        0.011760042,
        0.012294500000000002,
        0.010804958,
        0.012174542,
        0.012607791,
        0.012070250000000001,
        0.012682875000000001,
        0.011872666,
        0.011215000000000001
      ],
      "exit_codes": [
        0,
        0,
        0,
        0,
        0,
        0,
        0,
        0,
        0,
        0,
        0,
        0,
        0,
        0,
        0,
        0,
        0,
        0,
        0,
        0
      ],
      "parameters": {
        "size": "medium"
      }
    },
    {
      "command": "tfdry fmt -check /testdata/large",
      "mean": 0.0067407646500000015,
      "stddev": 0.0008953704941113998,
      "median": 0.006588312000000001,
      "user": 0.007395649999999999,
      "system": 0.0015438499999999996,
      "min": 0.005500292,
      "max": 0.008510292000000001,
      "times": [
        0.006138500000000001,
        0.006325750000000001,
        0.007324166000000001,
        0.006635666,
        0.0066929170000000005,
        0.006196125,
        0.007559083,
        0.005759333,
        0.008097584,
        0.008510292000000001,
        0.005500292,
        0.005869292000000001,
        0.0067370830000000005,
        0.006347417,
        0.005903459000000001,
        0.005662083,
        0.0071126670000000005,
        0.007864542,
        0.008038084000000001,
        0.006540958
      ],
      "exit_codes": [
        0,
        0,
        0,
        0,
        0,
        0,
        0,
        0,
        0,
        0,
        0,
        0,
        0,
        0,
        0,
        0,
        0,
        0,
        0,
        0
      ],
      "parameters": {
        "size": "large"
      }
    },
    {
      "command": "terraform fmt -check -recursive /testdata/large",
      "mean": 0.022107337450000004,
      "stddev": 0.004787476535606596,
      "median": 0.020918604,
      "user": 0.02127165,
      "system": 0.0031992999999999995,
      "min": 0.017852625,
      "max": 0.041336042,
      "times": [
        0.020777583000000002,
        0.024275042,
        0.02370275,
        0.021468625,
        0.02056875,
        0.022725000000000002,
        0.020436875,
        0.020931750000000002,
        0.019504917,
        0.022092458000000002,
        0.019997041,
        0.017852625,
        0.020905458000000002,
        0.021328083,
        0.019559333,
        0.020043334000000003,
        0.041336042,
        0.023061833,
        0.021989042,
        0.019590208
      ],
      "exit_codes": [
        0,
        0,
        0,
        0,
        0,
        0,
        0,
        0,
        0,
        0,
        0,
        0,
        0,
        0,
        0,
        0,
        0,
        0,
        0,
        0
      ],
      "parameters": {
        "size": "large"
      }
    }
  ]
}
