{
  "results": [
    {
      "command": "clean, human, 102 files",
      "mean": 0.008493199866666669,
      "stddev": 0.0029412256144123357,
      "median": 0.007844083,
      "user": 0.008709766666666667,
      "system": 0.002166166666666666,
      "min": 0.005907833,
      "max": 0.021916333,
      "times": [
        0.008143000000000001,
        0.008194041,
        0.006856167000000001,
        0.006257166000000001,
        0.007577875,
        0.008590041000000001,
        0.006974166,
        0.006269417,
        0.010428458,
        0.008643875,
        0.005907833,
        0.008049333,
        0.006580708,
        0.010552875000000001,
        0.007801875000000001,
        0.007397333000000001,
        0.007216584000000001,
        0.007401125000000001,
        0.008907875,
        0.009889542000000001,
        0.009376750000000001,
        0.010923750000000001,
        0.007469292000000001,
        0.021916333,
        0.011570458,
        0.008481583000000001,
        0.007886291,
        0.006354792000000001,
        0.006841583,
        0.006335875
      ],
      "exit_codes": [
        0,
        0,
        0,
        0,
        0,
        0,
        0,
        0,
        0,
        0,
        0,
        0,
        0,
        0,
        0,
        0,
        0,
        0,
        0,
        0,
        0,
        0,
        0,
        0,
        0,
        0,
        0,
        0,
        0,
        0
      ]
    },
    {
      "command": "clean, JSON, 102 files",
      "mean": 0.007061683266666666,
      "stddev": 0.0008597632293045181,
      "median": 0.0067489375,
      "user": 0.007705633333333333,
      "system": 0.001883433333333333,
      "min": 0.005989333,
      "max": 0.008987292000000001,
      "times": [
        0.006240292000000001,
        0.006467583000000001,
        0.007765416000000001,
        0.00638525,
        0.005989333,
        0.006638917,
        0.006576209,
        0.006719333,
        0.006593875000000001,
        0.007558250000000001,
        0.006120333,
        0.006250625,
        0.006265667000000001,
        0.008575000000000001,
        0.006581792,
        0.007546833,
        0.008074625,
        0.006778542,
        0.006054208,
        0.008451916,
        0.007829875,
        0.006956667000000001,
        0.007087583000000001,
        0.0064556660000000005,
        0.0071039580000000005,
        0.0069283750000000005,
        0.007344416,
        0.006628583,
        0.008894084,
        0.008987292000000001
      ],
      "exit_codes": [
        0,
        0,
        0,
        0,
        0,
        0,
        0,
        0,
        0,
        0,
        0,
        0,
        0,
        0,
        0,
        0,
        0,
        0,
        0,
        0,
        0,
        0,
        0,
        0,
        0,
        0,
        0,
        0,
        0,
        0
      ]
    },
    {
      "command": "10 workspaces, JSON, recursive",
      "mean": 0.0027526625000000005,
      "stddev": 0.00029617336216942504,
      "median": 0.0026337915000000005,
      "user": 0.0018168999999999998,
      "system": 0.0010229333333333336,
      "min": 0.0023129590000000003,
      "max": 0.003407792,
      "times": [
        0.002990958,
        0.0023129590000000003,
        0.003132834,
        0.0031030000000000003,
        0.002416375,
        0.002515208,
        0.003407792,
        0.002565916,
        0.00302825,
        0.003231916,
        0.0028357910000000003,
        0.0029013330000000003,
        0.0032549170000000004,
        0.00256625,
        0.0028142920000000004,
        0.002613625,
        0.0024634170000000003,
        0.0028600830000000002,
        0.002790125,
        0.0026199170000000003,
        0.002442792,
        0.0025431250000000002,
        0.002559584,
        0.002432792,
        0.002922375,
        0.002372167,
        0.0026476660000000003,
        0.0030807910000000003,
        0.0025655,
        0.002588125
      ],
      "exit_codes": [
        0,
        0,
        0,
        0,
        0,
        0,
        0,
        0,
        0,
        0,
        0,
        0,
        0,
        0,
        0,
        0,
        0,
        0,
        0,
        0,
        0,
        0,
        0,
        0,
        0,
        0,
        0,
        0,
        0,
        0
      ]
    }
  ]
}
