{
  "results": [
    {
      "command": "1 diagnostic, JSON",
      "mean": 0.0008965278999999999,
      "stddev": 0.00015182571521100925,
      "median": 0.000845396,
      "user": 0.0005680999999999999,
      "system": 0.00033553333333333327,
      "min": 0.0007300000000000001,
      "max": 0.001237959,
      "times": [
        0.0008576250000000001,
        0.000885667,
        0.000958209,
        0.001155042,
        0.0010808340000000001,
        0.001018375,
        0.000861958,
        0.000788458,
        0.0007423340000000001,
        0.0007300000000000001,
        0.000853167,
        0.000831917,
        0.001206042,
        0.001237959,
        0.0009064170000000001,
        0.0007750420000000001,
        0.000733708,
        0.000746666,
        0.0007766250000000001,
        0.000819542,
        0.0008094160000000001,
        0.0007577500000000001,
        0.001153292,
        0.001129416,
        0.0009612920000000001,
        0.0008434170000000001,
        0.0007820840000000001,
        0.000814833,
        0.000847375,
        0.0008313750000000001
      ],
      "exit_codes": [
        1,
        1,
        1,
        1,
        1,
        1,
        1,
        1,
        1,
        1,
        1,
        1,
        1,
        1,
        1,
        1,
        1,
        1,
        1,
        1,
        1,
        1,
        1,
        1,
        1,
        1,
        1,
        1,
        1,
        1
      ]
    },
    {
      "command": "10 diagnostics, JSON",
      "mean": 0.0009910790999999996,
      "stddev": 0.00011828581384914751,
      "median": 0.0009784379999999999,
      "user": 0.00044473333333333327,
      "system": 0.0005371666666666667,
      "min": 0.0008126250000000001,
      "max": 0.0014491670000000001,
      "times": [
        0.000952583,
        0.0014491670000000001,
        0.001097667,
        0.001069375,
        0.001132916,
        0.000977417,
        0.000964333,
        0.00110275,
        0.0009549580000000001,
        0.0008126250000000001,
        0.0008737500000000001,
        0.000928208,
        0.001021458,
        0.001065875,
        0.001034,
        0.0010252920000000001,
        0.000990667,
        0.0008958330000000001,
        0.000944584,
        0.000897333,
        0.001007875,
        0.0010703330000000001,
        0.001035625,
        0.000902166,
        0.000934708,
        0.000867792,
        0.000992291,
        0.0009022920000000001,
        0.000849041,
        0.000979459
      ],
      "exit_codes": [
        1,
        1,
        1,
        1,
        1,
        1,
        1,
        1,
        1,
        1,
        1,
        1,
        1,
        1,
        1,
        1,
        1,
        1,
        1,
        1,
        1,
        1,
        1,
        1,
        1,
        1,
        1,
        1,
        1,
        1
      ]
    }
  ]
}
