{
  "results": [
    {
      "command": "tfdry fmt -check",
      "mean": 0.006693524933333334,
      "stddev": 0.0009611396351032863,
      "median": 0.006398396000000001,
      "user": 0.007550533333333333,
      "system": 0.0015391000000000005,
      "min": 0.00540225,
      "max": 0.009026000000000001,
      "times": [
        0.006299916,
        0.006357375,
        0.006480709,
        0.007403583,
        0.0064214170000000004,
        0.0058043750000000005,
        0.006033875,
        0.006942375000000001,
        0.006749542000000001,
        0.0075454580000000005,
        0.0054920410000000005,
        0.005853458000000001,
        0.007181083,
        0.005643541,
        0.006138459000000001,
        0.006375375,
        0.006974458,
        0.006041459000000001,
        0.007079375000000001,
        0.007121667000000001,
        0.005814416,
        0.0074327080000000005,
        0.008256208000000001,
        0.009026000000000001,
        0.005986666000000001,
        0.00540225,
        0.005772959,
        0.008773041,
        0.008223542,
        0.006178417
      ],
      "exit_codes": [
        0,
        0,
        0,
        0,
        0,
        0,
        0,
        0,
        0,
        0,
        0,
        0,
        0,
        0,
        0,
        0,
        0,
        0,
        0,
        0,
        0,
        0,
        0,
        0,
        0,
        0,
        0,
        0,
        0,
        0
      ]
    },
    {
      "command": "terraform fmt -check",
      "mean": 0.0205357473,
      "stddev": 0.0017054906414802052,
      "median": 0.0201973545,
      "user": 0.0205015,
      "system": 0.003941966666666668,
      "min": 0.018386376,
      "max": 0.025144958000000002,
      "times": [
        0.022067709,
        0.025144958000000002,
        0.02506875,
        0.023107417,
        0.020760208000000002,
        0.019677208,
        0.019908791000000002,
        0.020548833000000002,
        0.019676917000000002,
        0.01930575,
        0.023398250000000002,
        0.021402459000000002,
        0.019751875000000002,
        0.018936792,
        0.020332084,
        0.018830583,
        0.019216833000000003,
        0.019344042000000002,
        0.018386376,
        0.019119458000000002,
        0.020535834000000003,
        0.020317625000000002,
        0.0203925,
        0.019459375,
        0.019913958000000002,
        0.021210041000000002,
        0.018837917000000003,
        0.020077084000000002,
        0.020427167,
        0.020915625
      ],
      "exit_codes": [
        0,
        0,
        0,
        0,
        0,
        0,
        0,
        0,
        0,
        0,
        0,
        0,
        0,
        0,
        0,
        0,
        0,
        0,
        0,
        0,
        0,
        0,
        0,
        0,
        0,
        0,
        0,
        0,
        0,
        0
      ]
    }
  ]
}
