{
  "results": [
    {
      "command": "tfdry fmt",
      "mean": 0.0013036750000000002,
      "stddev": 0.00025105371705260815,
      "median": 0.0012665625,
      "user": 0.0008229666666666666,
      "system": 0.0004993,
      "min": 0.000989167,
      "max": 0.002334042,
      "times": [
        0.0013873330000000001,
        0.001379334,
        0.001445,
        0.0014207500000000001,
        0.0015857500000000001,
        0.001260625,
        0.0011273750000000001,
        0.001331209,
        0.0012725,
        0.001078666,
        0.0011168340000000001,
        0.0015246670000000002,
        0.0011815830000000002,
        0.000989167,
        0.001531542,
        0.0011510420000000001,
        0.001173,
        0.0011817910000000002,
        0.001129708,
        0.001228958,
        0.001306333,
        0.0013790830000000001,
        0.001290708,
        0.0011457910000000002,
        0.001022167,
        0.002334042,
        0.0014015420000000002,
        0.001481375,
        0.00113425,
        0.001118125
      ],
      "exit_codes": [
        0,
        0,
        0,
        0,
        0,
        0,
        0,
        0,
        0,
        0,
        0,
        0,
        0,
        0,
        0,
        0,
        0,
        0,
        0,
        0,
        0,
        0,
        0,
        0,
        0,
        0,
        0,
        0,
        0,
        0
      ]
    },
    {
      "command": "terraform fmt",
      "mean": 0.01069327233333333,
      "stddev": 0.0016919178724838766,
      "median": 0.010162396,
      "user": 0.009318933333333333,
      "system": 0.0022888999999999995,
      "min": 0.009023166,
      "max": 0.016061583,
      "times": [
        0.009302667,
        0.01014075,
        0.010474542,
        0.009752292000000001,
        0.009683791,
        0.010044417,
        0.010882084,
        0.010079917,
        0.010303083000000001,
        0.010280666,
        0.009023166,
        0.009376958000000001,
        0.009277708,
        0.012834292,
        0.010079709000000001,
        0.009706083,
        0.009669292000000001,
        0.009874042000000001,
        0.010135583,
        0.010772292000000001,
        0.010366834,
        0.009847792000000001,
        0.010184042,
        0.010984417000000002,
        0.010286417,
        0.015155875000000001,
        0.016061583,
        0.010999542000000001,
        0.010925292000000001,
        0.014293042
      ],
      "exit_codes": [
        0,
        0,
        0,
        0,
        0,
        0,
        0,
        0,
        0,
        0,
        0,
        0,
        0,
        0,
        0,
        0,
        0,
        0,
        0,
        0,
        0,
        0,
        0,
        0,
        0,
        0,
        0,
        0,
        0,
        0
      ]
    }
  ]
}
