{
  "results": [
    {
      "command": "tfdry fmt",
      "mean": 0.011985658250000001,
      "stddev": 0.0012235998958626735,
      "median": 0.011865041500000001,
      "user": 0.008901399999999999,
      "system": 0.005255299999999999,
      "min": 0.010377500000000001,
      "max": 0.014434375000000001,
      "times": [
        0.011750208000000002,
        0.012964000000000002,
        0.012298708,
        0.011979875000000001,
        0.011599958,
        0.014434375000000001,
        0.014142542000000001,
        0.010662209,
        0.010890792,
        0.012017041000000001,
        0.012899542,
        0.010847291,
        0.012080333,
        0.011240125,
        0.013556166000000001,
        0.0111245,
        0.010760709,
        0.010703791,
        0.013383500000000001,
        0.010377500000000001
      ],
      "exit_codes": [
        0,
        0,
        0,
        0,
        0,
        0,
        0,
        0,
        0,
        0,
        0,
        0,
        0,
        0,
        0,
        0,
        0,
        0,
        0,
        0
      ]
    },
    {
      "command": "terraform fmt",
      "mean": 0.024582512299999998,
      "stddev": 0.0019148468075684166,
      "median": 0.024576208000000002,
      "user": 0.022258500000000004,
      "system": 0.006188149999999998,
      "min": 0.02087175,
      "max": 0.02991175,
      "times": [
        0.023256291000000002,
        0.024677583000000003,
        0.025686334,
        0.023402125000000003,
        0.024284291000000003,
        0.024670708000000003,
        0.02457525,
        0.024774208000000002,
        0.026225542,
        0.025603416,
        0.026678708000000002,
        0.02367725,
        0.02991175,
        0.02613,
        0.024577166,
        0.022998208000000003,
        0.024085125000000002,
        0.023876166,
        0.02087175,
        0.021688375000000003
      ],
      "exit_codes": [
        0,
        0,
        0,
        0,
        0,
        0,
        0,
        0,
        0,
        0,
        0,
        0,
        0,
        0,
        0,
        0,
        0,
        0,
        0,
        0
      ]
    }
  ]
}
