{
  "results": [
    {
      "command": "tfdry fmt -check",
      "mean": 0.0010129957666666666,
      "stddev": 0.0001908405895506696,
      "median": 0.0009596045,
      "user": 0.0004222666666666666,
      "system": 0.0006121333333333334,
      "min": 0.0008029160000000001,
      "max": 0.001721417,
      "times": [
        0.000960959,
        0.000984208,
        0.0010343330000000001,
        0.0008985000000000001,
        0.000919333,
        0.0013822090000000001,
        0.000984875,
        0.0013907910000000002,
        0.001721417,
        0.001001458,
        0.001064917,
        0.00117125,
        0.001051375,
        0.001001083,
        0.00095825,
        0.000908666,
        0.00088425,
        0.0009466250000000001,
        0.0009136670000000001,
        0.0008858340000000001,
        0.000924041,
        0.000991459,
        0.001086458,
        0.0008658330000000001,
        0.000929708,
        0.0009447920000000001,
        0.0008442500000000001,
        0.000836708,
        0.0008029160000000001,
        0.001099708
      ],
      "exit_codes": [
        0,
        0,
        0,
        0,
        0,
        0,
        0,
        0,
        0,
        0,
        0,
        0,
        0,
        0,
        0,
        0,
        0,
        0,
        0,
        0,
        0,
        0,
        0,
        0,
        0,
        0,
        0,
        0,
        0,
        0
      ]
    },
    {
      "command": "terraform fmt -check",
      "mean": 0.010373312466666668,
      "stddev": 0.0011701967687145532,
      "median": 0.0103598125,
      "user": 0.0095179,
      "system": 0.0020944666666666673,
      "min": 0.008393209,
      "max": 0.013867208,
      "times": [
        0.013867208,
        0.010886083000000001,
        0.010735541000000001,
        0.011663083000000001,
        0.011128750000000001,
        0.010683666000000001,
        0.011220375000000001,
        0.010690209,
        0.01045075,
        0.009881416,
        0.009982292,
        0.009711375000000001,
        0.012555125,
        0.010268875,
        0.009954000000000001,
        0.011421042000000001,
        0.009987667,
        0.008393209,
        0.009042084,
        0.00874125,
        0.010809417,
        0.011551,
        0.010944166,
        0.010556792,
        0.009503667,
        0.009002708,
        0.009718708000000001,
        0.009300000000000001,
        0.009222250000000001,
        0.009326666
      ],
      "exit_codes": [
        0,
        0,
        0,
        0,
        0,
        0,
        0,
        0,
        0,
        0,
        0,
        0,
        0,
        0,
        0,
        0,
        0,
        0,
        0,
        0,
        0,
        0,
        0,
        0,
        0,
        0,
        0,
        0,
        0,
        0
      ]
    }
  ]
}
