{
  "results": [
    {
      "command": "tfdry fmt -check /testdata/small",
      "mean": 0.0009442437,
      "stddev": 0.0001489222026725788,
      "median": 0.000901125,
      "user": 0.0006898,
      "system": 0.0002592,
      "min": 0.000826791,
      "max": 0.001536,
      "times": [
        0.000992208,
        0.0010089160000000001,
        0.000898,
        0.0009760840000000001,
        0.0009752500000000001,
        0.001536,
        0.0009639580000000001,
        0.0008723330000000001,
        0.0008852920000000001,
        0.0008785,
        0.0008927500000000001,
        0.000950958,
        0.000947125,
        0.0009008750000000001,
        0.000852,
        0.000869334,
        0.0008322920000000001,
        0.000924833,
        0.000826791,
        0.000901375
      ],
      "exit_codes": [
        0,
        0,
        0,
        0,
        0,
        0,
        0,
        0,
        0,
        0,
        0,
        0,
        0,
        0,
        0,
        0,
        0,
        0,
        0,
        0
      ],
      "parameters": {
        "size": "small"
      }
    },
    {
      "command": "terraform fmt -check -recursive /testdata/small",
      "mean": 0.012401387600000003,
      "stddev": 0.0022592988845772585,
      "median": 0.011690063,
      "user": 0.010753599999999999,
      "system": 0.0029959500000000003,
      "min": 0.010486833000000001,
      "max": 0.020106000000000002,
      "times": [
        0.011053417000000001,
        0.010961833,
        0.010624417,
        0.011372875000000001,
        0.011136167,
        0.010486833000000001,
        0.011756584,
        0.015660334,
        0.012387667000000002,
        0.012889625,
        0.013675625,
        0.012472833000000001,
        0.020106000000000002,
        0.014626666000000002,
        0.011205125000000002,
        0.010613500000000001,
        0.011623542,
        0.011825458,
        0.011926834,
        0.011622417000000001
      ],
      "exit_codes": [
        0,
        0,
        0,
        0,
        0,
        0,
        0,
        0,
        0,
        0,
        0,
        0,
        0,
        0,
        0,
        0,
        0,
        0,
        0,
        0
      ],
      "parameters": {
        "size": "small"
      }
    },
    {
      "command": "tfdry fmt -check /testdata/medium",
      "mean": 0.0026238271,
      "stddev": 0.0004726350634966853,
      "median": 0.0025598125000000005,
      "user": 0.00199785,
      "system": 0.0009887,
      "min": 0.002002708,
      "max": 0.003929167,
      "times": [
        0.002651458,
        0.0020945,
        0.0020982920000000003,
        0.0022473750000000002,
        0.0024420830000000003,
        0.002370292,
        0.002391167,
        0.0025282910000000002,
        0.002799625,
        0.002002708,
        0.00212375,
        0.0027283340000000002,
        0.00308425,
        0.002851708,
        0.002827042,
        0.0025913340000000003,
        0.003929167,
        0.002419333,
        0.0033779580000000003,
        0.0029178750000000003
      ],
      "exit_codes": [
        0,
        0,
        0,
        0,
        0,
        0,
        0,
        0,
        0,
        0,
        0,
        0,
        0,
        0,
        0,
        0,
        0,
        0,
        0,
        0
      ],
      "parameters": {
        "size": "medium"
      }
    },
    {
      "command": "terraform fmt -check -recursive /testdata/medium",
      "mean": 0.0146862063,
      "stddev": 0.0018783562112803815,
      "median": 0.013913395500000002,
      "user": 0.013612000000000003,
      "system": 0.00314155,
      "min": 0.012323042000000001,
      "max": 0.019841042,
      "times": [
        0.017169,
        0.019841042,
        0.01632575,
        0.016188208000000003,
        0.015510459,
        0.016413458000000002,
        0.014207333,
        0.013220583000000001,
        0.013680250000000001,
        0.01566325,
        0.0137315,
        0.013271125000000002,
        0.013295792,
        0.013092458000000001,
        0.013495334000000001,
        0.012323042000000001,
        0.015917834000000002,
        0.014095291000000001,
        0.013540417,
        0.012742000000000002
      ],
      "exit_codes": [
        0,
        0,
        0,
        0,
        0,
        0,
        0,
        0,
        0,
        0,
        0,
        0,
        0,
        0,
        0,
        0,
        0,
        0,
        0,
        0
      ],
      "parameters": {
        "size": "medium"
      }
    },
    {
      "command": "tfdry fmt -check /testdata/large",
      "mean": 0.008120585350000003,
      "stddev": 0.0013981677987578963,
      "median": 0.007976333500000002,
      "user": 0.00825785,
      "system": 0.0023238000000000004,
      "min": 0.006558459,
      "max": 0.010928083,
      "times": [
        0.009057041,
        0.010871917,
        0.007527834000000001,
        0.007475959000000001,
        0.008035083,
        0.006558459,
        0.00818625,
        0.008766041,
        0.007055125000000001,
        0.009034541,
        0.008003667,
        0.006737000000000001,
        0.010928083,
        0.010635,
        0.006573041000000001,
        0.007949000000000001,
        0.008261958,
        0.007075708000000001,
        0.006573792,
        0.007106208
      ],
      "exit_codes": [
        0,
        0,
        0,
        0,
        0,
        0,
        0,
        0,
        0,
        0,
        0,
        0,
        0,
        0,
        0,
        0,
        0,
        0,
        0,
        0
      ],
      "parameters": {
        "size": "large"
      }
    },
    {
      "command": "terraform fmt -check -recursive /testdata/large",
      "mean": 0.02319426875,
      "stddev": 0.004085484806550302,
      "median": 0.022017062500000004,
      "user": 0.022790699999999997,
      "system": 0.00350455,
      "min": 0.018986417000000002,
      "max": 0.035599167,
      "times": [
        0.028361041000000003,
        0.023001458000000002,
        0.021032667,
        0.019422083,
        0.020527584,
        0.020900458,
        0.019295709,
        0.020724417000000002,
        0.023063875,
        0.018986417000000002,
        0.035599167,
        0.023563958000000003,
        0.025393416000000002,
        0.023910875,
        0.020535875000000002,
        0.024062375,
        0.021022625,
        0.019842916000000002,
        0.026107542,
        0.028530917000000003
      ],
      "exit_codes": [
        0,
        0,
        0,
        0,
        0,
        0,
        0,
        0,
        0,
        0,
        0,
        0,
        0,
        0,
        0,
        0,
        0,
        0,
        0,
        0
      ],
      "parameters": {
        "size": "large"
      }
    }
  ]
}
